{
    "val_locaccuracy": 0.7433416193181819,
    "val_memaccuracy": 0.7554154829545454,
    "val_loss": 1.3609805330634117
}