{
    "val_locaccuracy": 0.7462713068181819,
    "val_memaccuracy": 0.7579900568181819,
    "val_loss": 1.3715796247124672
}